HYPERTEN,0,1,All
0.0,0.19558359621451105,0.3470031545741325,0.5425867507886435
1.0,0.16236778623121173,0.2950454629801447,0.45741324921135645
All,0.3579513824457228,0.6420486175542772,1.0
